{
  "version": "2.0",
  "effectiveDate": "2026-02-06",
  "lastModified": "2026-02-06",
  "nextReview": "2026-08-06",
  "documents": {
    "terms-individual": {
      "version": "2.0",
      "file": "terms-individual.html"
    },
    "terms-organization": {
      "version": "2.0",
      "file": "terms-organization.html"
    },
    "privacy-individual": {
      "version": "2.0",
      "file": "privacy-individual.html"
    },
    "privacy-organization": {
      "version": "2.0",
      "file": "privacy-organization.html"
    },
    "appendix-a-kr-individual": {
      "version": "2.0",
      "file": "appendix-a-kr-individual.html"
    },
    "appendix-a-kr-organization": {
      "version": "2.0",
      "file": "appendix-a-kr-organization.html"
    },
    "appendix-b-jp-individual": {
      "version": "2.0",
      "file": "appendix-b-jp-individual.html"
    },
    "appendix-b-jp-organization": {
      "version": "2.0",
      "file": "appendix-b-jp-organization.html"
    },
    "appendix-c-sea-individual": {
      "version": "2.0",
      "file": "appendix-c-sea-individual.html"
    },
    "appendix-c-sea-organization": {
      "version": "2.0",
      "file": "appendix-c-sea-organization.html"
    },
    "appendix-d-cn-individual": {
      "version": "2.0",
      "file": "appendix-d-cn-individual.html"
    },
    "appendix-d-cn-organization": {
      "version": "2.0",
      "file": "appendix-d-cn-organization.html"
    }
  },
  "regions": {
    "kr": {
      "name": "한국",
      "flag": "🇰🇷",
      "appendix": "appendix-a"
    },
    "jp": {
      "name": "일본",
      "flag": "🇯🇵",
      "appendix": "appendix-b"
    },
    "sea": {
      "name": "동남아시아",
      "flag": "🌏",
      "countries": [
        "VN",
        "PH",
        "KH",
        "TH"
      ],
      "appendix": "appendix-c"
    },
    "cn": {
      "name": "중화권",
      "flag": "🇨🇳",
      "countries": [
        "CN",
        "TW",
        "HK",
        "MO"
      ],
      "appendix": "appendix-d"
    }
  }
}